sim_time,base_x,base_y,base_yaw_deg,pedestal_m,left_joint1,left_joint2,left_joint3,left_joint4,left_joint5,left_joint6,left_joint7,right_joint1,right_joint2,right_joint3,right_joint4,right_joint5,right_joint6,right_joint7,left_finger1,left_finger2,right_finger1,right_finger2,neck_shoulder_pan,neck_shoulder_lift,neck_elbow_flex,neck_wrist_flex
1.500000,-0.999446442,3.500177288,-0.000667115,-0.000812140,-0.000912653,0.000332457,0.000000150,0.000062774,0.000002521,-0.000100852,-0.000016914,0.000914372,0.000333161,0.000000153,0.000062441,0.000002548,-0.000100832,0.000017092,0.001761139,0.001761186,0.001761143,0.001761190,0.000000187,0.168314442,0.178852719,0.177608914
1.600000,-0.986324596,3.500171655,0.001277005,-0.000895867,-0.004072070,0.000324652,0.000009895,0.003837443,0.000082171,-0.000094311,-0.000749656,0.003779552,0.000325352,0.000009780,0.003713852,0.000080599,-0.000094472,0.000726956,0.001761654,0.001760679,0.001761653,0.001760678,-0.000012729,0.167563974,0.178858539,0.177622866
1.700000,-0.955688652,3.500122973,0.027235298,-0.000741541,0.006559076,-0.000153291,0.000034753,0.003368641,0.000155617,-0.000056057,-0.001303084,-0.012716794,-0.000162514,0.000040516,0.001479280,0.000127818,-0.000060239,0.000725600,0.001760924,0.001761414,0.001760937,0.001761401,-0.000105367,0.167524913,0.178883712,0.177644111
1.800000,-0.906506725,3.500087046,0.123031785,-0.000759210,0.010470652,-0.002108856,0.000143661,0.001180804,0.000250072,0.000044989,-0.001642861,-0.035888540,-0.002452542,0.000164782,-0.000368317,0.000112923,0.000047011,-0.000911125,0.001761889,0.001760427,0.001762166,0.001760165,0.000595855,0.167701706,0.178760250,0.177629623
1.900000,-0.838531970,3.500209339,0.230034336,-0.000779392,0.007958345,-0.003775911,0.000271588,0.004058572,0.000367018,0.000142054,-0.002826276,-0.047453640,-0.004908016,0.000294765,-0.000298385,0.000167995,0.000182926,-0.001402603,0.001761726,0.001760602,0.001762525,0.001759801,0.000836580,0.167668028,0.178873947,0.177648571
2.000000,-0.751994269,3.500583395,0.273298605,-0.000832857,0.009369931,-0.004072606,0.000391969,0.005199820,0.000447269,0.000206736,-0.003607535,-0.049070249,-0.005773597,0.000417433,-0.000242328,0.000272858,0.000291877,-0.001152633,0.001761614,0.001760717,0.001761737,0.001760593,-0.000012416,0.167434314,0.178820716,0.177642297
2.100000,-0.646840317,3.501131276,0.311170852,-0.000982416,0.018439999,-0.002957672,0.000439103,0.000763476,0.000431133,0.000164079,-0.002981735,-0.043586564,-0.004077288,0.000472883,-0.000031983,0.000341578,0.000237257,0.000055641,0.001762373,0.001759955,0.001762414,0.001759921,-0.000039848,0.167168299,0.179008989,0.177699186
2.200000,-0.534731799,3.501760844,0.296222774,-0.000667541,0.031157274,-0.000874709,0.000394273,-0.000056254,0.000255578,0.000091729,-0.001624961,-0.035389195,-0.001137969,0.000420432,0.000068671,0.000151963,0.000141469,0.001102571,0.001760182,0.001762152,0.001760091,0.001762233,-0.000043022,0.167461927,0.178929014,0.177669486
2.300000,-0.440714228,3.502245591,0.267033057,-0.000970801,0.038902652,0.000872760,0.000323363,-0.000152053,0.000081074,-0.000007234,-0.000592432,-0.028405691,0.000902529,0.000340594,-0.000016903,-0.000025440,0.000032241,0.001841000,0.001762071,0.001760260,0.001762054,0.001760282,0.000036136,0.167278808,0.178768558,0.177622587
2.400000,-0.365404371,3.502623784,0.243463009,-0.000651432,0.038599478,0.001105998,0.000296154,-0.000174036,0.000035858,-0.000052227,-0.000462696,-0.030499549,0.001118686,0.000309995,-0.000062197,-0.000047665,-0.000014798,0.001285025,0.001760061,0.001762272,0.001760181,0.001762154,-0.000441218,0.167608094,0.178832392,0.177639815
2.500000,-0.308742423,3.502883405,0.198573610,-0.000709559,0.042647249,0.002752786,0.000199520,-0.000244600,-0.000062011,-0.000170629,0.000474587,-0.024646146,0.002580560,0.000196890,-0.000113407,-0.000118742,-0.000118155,0.001557383,0.001760558,0.001761774,0.001760635,0.001761700,-0.000194081,0.167517398,0.178771013,0.177623619
2.600000,-0.270855759,3.503022292,0.194108571,-0.000642447,0.039932880,0.002375141,0.000189331,-0.000188060,-0.000067931,-0.000182172,0.000664089,-0.028518206,0.002235786,0.000189446,-0.000126392,-0.000076848,-0.000128120,0.000738408,0.001760608,0.001761721,0.001760616,0.001761718,-0.000045861,0.167607622,0.178845082,0.177631483
2.700000,-0.250849349,3.503105933,0.187627939,-0.000764515,0.027660052,0.002098744,0.000182668,-0.000085051,-0.000050846,-0.000160812,0.000504522,-0.022893241,0.002029387,0.000182659,-0.000065348,-0.000056296,-0.000116204,0.000345580,0.001761120,0.001761213,0.001761121,0.001761216,-0.000087747,0.167804407,0.178761623,0.177610710
2.800000,-0.247009331,3.503120186,0.186969343,-0.000780303,-0.000085056,0.001957479,0.000178276,0.003108073,0.000015418,-0.000173672,0.000016584,0.001790887,0.001914277,0.000178314,0.003071817,0.000012219,-0.000139730,0.000620133,0.001761068,0.001761267,0.001761069,0.001761266,0.000010815,0.168545356,0.178807155,0.177592910
2.900000,-0.247022153,3.503120365,0.186944067,-0.000821126,-0.023447274,0.001664138,0.000181072,0.011956351,0.000140100,-0.000159867,-0.001085500,0.023634548,0.001654839,0.000180795,0.011659243,0.000134836,-0.000134655,0.001300545,0.001761240,0.001761099,0.001761240,0.001761100,0.000012522,0.168463801,0.178808123,0.177589321
3.000000,-0.247033991,3.503120375,0.186955141,-0.000818114,-0.031058324,0.001425070,0.000183877,0.015026464,0.000231121,-0.000149427,-0.001657351,0.030904803,0.001426559,0.000183440,0.014758661,0.000225674,-0.000130630,0.001802210,0.001761202,0.001761135,0.001761205,0.001761138,0.000011007,0.168470078,0.178808273,0.177589156
3.100000,-0.247050240,3.503108655,0.909106852,-0.000814624,-0.021745903,0.001340697,0.000159044,0.012165793,0.000152554,-0.000101846,-0.001656526,0.041584531,0.001337671,0.000164739,0.017014725,0.000232793,-0.000096532,0.002300574,0.001761607,0.001760732,0.001761711,0.001760633,-0.000388382,0.168468969,0.178810519,0.177590214
3.200000,-0.247073391,3.503074318,2.870546273,-0.000815255,0.012120157,0.006042044,-0.000215749,-0.001489150,-0.000249493,-0.000145533,0.000464677,0.073025655,0.003109143,0.000112731,0.030317032,0.000224465,-0.000029590,0.004568608,0.001760180,0.001762159,0.001762595,0.001759745,-0.000705272,0.168466009,0.178813182,0.177591484
3.300000,-0.247315074,3.502754147,6.147740548,-0.000804978,0.053958331,0.025100755,-0.001140930,-0.000515686,-0.000855780,-0.000737347,0.004331965,0.107562472,0.007918902,-0.000008609,0.049823381,0.000275488,0.000163021,0.008548203,0.001756364,0.001765990,0.001763649,0.001758703,-0.000451516,0.168251579,0.178816338,0.177598023
3.400000,-0.247829889,3.501996229,10.776400246,-0.000800645,0.079175297,0.051897933,-0.001838786,-0.000575795,-0.001407342,-0.002723386,0.006146343,0.123301330,0.012685347,-0.000195413,0.058610345,0.000289800,0.000453455,0.010393048,0.001753703,0.001768673,0.001766555,0.001755810,-0.000616492,0.168246027,0.178818289,0.177601967
3.500000,-0.248394805,3.500965416,16.706067085,-0.000799727,0.102929302,0.073070569,-0.002629363,-0.000644895,-0.001991412,-0.004767023,0.007815922,0.142864450,0.007250234,-0.000903554,0.067049358,0.000266336,0.001395611,0.012340608,0.001752772,0.001772588,0.001771403,0.001752803,-0.000854508,0.168185279,0.178820826,0.177605357
3.600000,-0.248934787,3.499632597,23.929557427,-0.000797968,0.126877685,0.093258313,-0.003465771,-0.000706013,-0.002605618,-0.006998409,0.009550504,0.165953027,-0.005570432,-0.001984116,0.078153510,0.000241599,0.003617449,0.014721675,0.001755452,0.001781781,0.001782421,0.001754070,-0.001092953,0.168122851,0.178823898,0.177608798
3.700000,-0.249336370,3.498073859,31.974865272,-0.000794118,0.145407408,0.114357309,-0.004186818,-0.000715610,-0.003189418,-0.009662407,0.011049229,0.184361167,-0.022945164,-0.003335665,0.088036312,0.000221830,0.006511378,0.016750297,0.001756037,0.001787655,0.001788954,0.001755153,-0.001134720,0.168089282,0.178825987,0.177610419
3.800000,-0.249506787,3.496687140,38.943325253,-0.000793684,0.134377711,0.121383441,-0.004264414,-0.000614753,-0.003436757,-0.010975717,0.011111294,0.176721097,-0.031440321,-0.003823745,0.086419867,0.000217492,0.007768652,0.016966876,0.001749610,0.001778094,0.001779364,0.001750443,-0.000893909,0.168144815,0.178826859,0.177608064
3.900000,-0.249521181,3.495563663,44.607794001,-0.000797587,0.106241353,0.110133532,-0.004254846,-0.000515008,-0.003352790,-0.010949603,0.009952593,0.152497129,-0.024899977,-0.003825744,0.074085950,0.000181346,0.007693499,0.015916009,0.001750671,0.001771690,0.001770567,0.001751794,-0.000654200,0.168212116,0.178825265,0.177604819
4.000000,-0.249457449,3.494703732,48.979001551,-0.000800827,0.078681631,0.089163161,-0.004184524,-0.000424034,-0.003074174,-0.009857996,0.008169256,0.127586258,-0.008846871,-0.003556783,0.060892871,0.000162857,0.006253970,0.013923028,0.001754143,0.001768204,0.001765494,0.001756858,-0.000403229,0.168276325,0.178822192,0.177601237
4.100000,-0.249372530,3.494103692,52.058436376,-0.000803008,0.062936978,0.073658288,-0.001101264,-0.000512797,0.002641995,-0.009769207,0.010866496,0.105235400,0.007620606,-0.002701022,0.050049726,0.000182371,0.003847492,0.011969062,0.001756252,0.001766114,0.001761985,0.001760349,-0.000152326,0.168337815,0.178819154,0.177597756
4.200000,-0.249304865,3.493748994,53.847445921,-0.000804657,0.041375154,0.060066973,0.000268533,-0.000201338,0.002543145,-0.008067523,0.008402218,0.083453326,0.019217252,-0.001868678,0.039831757,0.000222554,0.001746589,0.009929761,0.001756983,0.001765347,0.001759628,0.001762693,0.000096572,0.168401245,0.178814194,0.177593404
4.300000,-0.249280310,3.493654934,54.343105704,-0.000808474,0.002827952,0.043233014,0.000226954,0.003846408,0.001793361,-0.005958430,0.003479692,0.058820453,0.026570024,-0.001254804,0.028280243,0.000260862,0.000181320,0.007489870,0.001758142,0.001764182,0.001757869,0.001764462,0.000339975,0.168462208,0.178808680,0.177589197
4.400000,-0.249277485,3.493669249,54.339246758,-0.000812342,-0.024126627,0.034042305,0.000222025,0.013110878,0.001405122,-0.004838667,0.000078646,0.038989999,0.029891221,-0.001051806,0.017318308,0.000255162,-0.000690557,0.005176638,0.001758255,0.001764067,0.001757834,0.001764494,0.000360561,0.168482527,0.178806986,0.177588203
4.500000,-0.249274987,3.493682497,54.335548724,-0.000815489,-0.032910287,0.031916236,0.000222349,0.016288794,0.001128307,-0.004260403,-0.001123770,0.032541147,0.030440166,-0.000994396,0.013638688,0.000247654,-0.001245983,0.004292537,0.001758043,0.001764278,0.001757997,0.001764332,0.000359436,0.168482572,0.178806942,0.177588202
4.600000,-0.249271912,3.493690106,54.333068032,-0.000817185,-0.033430687,0.031854951,0.000221498,0.016123098,0.000905361,-0.003875548,-0.001572694,0.032231556,0.030466453,-0.000939031,0.013589982,0.000262433,-0.001643632,0.003887448,0.001757972,0.001764351,0.001758029,0.001764301,0.000360704,0.168482329,0.178807583,0.177588360
4.700000,-0.249267002,3.493698548,54.330674149,-0.003891097,-0.032070802,0.030752049,0.000219948,0.015362914,0.000733957,-0.003768303,-0.001824203,0.031660790,0.029851081,-0.000885809,0.013609407,0.000272638,-0.002109613,0.003567399,0.001758462,0.001763859,0.001758507,0.001763817,0.000344486,0.168452535,0.178781201,0.177601945
4.800000,-0.249264863,3.493705317,54.328473426,-0.008726517,-0.032078798,0.030966309,0.000217519,0.015110324,0.000611433,-0.003524728,-0.002033604,0.032359170,0.030464976,-0.000835364,0.013679279,0.000283516,-0.002307397,0.003366984,0.001757949,0.001764378,0.001757986,0.001764344,0.000353063,0.168455671,0.178801321,0.177588055
4.900000,-0.249264742,3.493711608,54.326284279,-0.013728747,-0.032674857,0.031510402,0.000215644,0.015088153,0.000527476,-0.003341962,-0.002223264,0.033154148,0.031174468,-0.000786969,0.013820984,0.000294377,-0.002455797,0.003240175,0.001757956,0.001764370,0.001757998,0.001764332,0.000354287,0.168449773,0.178802601,0.177587402
5.000000,-0.249266233,3.493717583,54.324094143,-0.018702005,-0.033193302,0.031953689,0.000213965,0.015076592,0.000468249,-0.003209755,-0.002375594,0.033724319,0.031678670,-0.000740802,0.013960966,0.000302792,-0.002571403,0.003150604,0.001757810,0.001764521,0.001757847,0.001764478,0.000368607,0.168489298,0.178810283,0.177587717
5.100000,-0.249268502,3.493723508,54.321886410,-0.023699682,-0.033609146,0.032307269,0.000212452,0.015071987,0.000426470,-0.003114567,-0.002496953,0.034146505,0.032049488,-0.000696733,0.014099242,0.000309416,-0.002662264,0.003088358,0.001757834,0.001764489,0.001757879,0.001764447,0.000375022,0.168497092,0.178808828,0.177587461
5.200000,-0.249272620,3.493728970,54.319687249,-0.028720438,-0.033977519,0.032619379,0.000211099,0.015075963,0.000397260,-0.003048964,-0.002594778,0.034510073,0.032361975,-0.000654645,0.014239376,0.000314867,-0.002736527,0.003047130,0.001757943,0.001764381,0.001757987,0.001764336,0.000377363,0.168482697,0.178805330,0.177587335
5.300000,-0.249278575,3.493734070,54.317488994,-0.033722745,-0.034344293,0.032928736,0.000209883,0.015090294,0.000377091,-0.003005988,-0.002675072,0.034870554,0.032666045,-0.000614451,0.014382622,0.000319514,-0.002798963,0.003022154,0.001757897,0.001764433,0.001757937,0.001764386,0.000382413,0.168488730,0.178805575,0.177587687
5.400000,-0.249286267,3.493738845,54.315283602,-0.038682934,-0.034734302,0.033257978,0.000208783,0.015117124,0.000363388,-0.002978304,-0.002742210,0.035255192,0.032988027,-0.000576073,0.014529281,0.000323569,-0.002850940,0.003009543,0.001757659,0.001764667,0.001757701,0.001764625,0.000399940,0.168540362,0.178815526,0.177587915
5.500000,-0.249294748,3.493743606,54.313058777,-0.043677610,-0.035109972,0.033572895,0.000207860,0.015158738,0.000354533,-0.002960881,-0.002800294,0.035626042,0.033295210,-0.000539356,0.014683008,0.000327406,-0.002893666,0.003007179,0.001757596,0.001764731,0.001757647,0.001764688,0.000399887,0.168535155,0.178813399,0.177586798
5.600000,-0.249306324,3.493747663,54.310850592,-0.048134331,-0.035796360,0.034179403,0.000206822,0.015247325,0.000349444,-0.002886966,-0.002859381,0.036296538,0.033890728,-0.000504518,0.014887675,0.000331250,-0.002866601,0.003019420,0.001755973,0.001766354,0.001756030,0.001766293,0.000453331,0.168569146,0.178834543,0.177564662
5.700000,-0.249321010,3.493750779,54.308758098,-0.049523795,-0.036604602,0.034839037,0.000206612,0.015497561,0.000352365,-0.002785918,-0.002952673,0.037051240,0.034535512,-0.000470484,0.015431727,0.000340203,-0.002801456,0.003074752,0.001757418,0.001764890,0.001757483,0.001764854,0.000415402,0.168476313,0.178766281,0.177577503
5.800000,-0.249335667,3.493754312,54.306561208,-0.047404080,-0.037437638,0.035591196,0.000206053,0.015689916,0.000353112,-0.002650059,-0.003017565,0.037882876,0.035277175,-0.000438295,0.015695742,0.000345446,-0.002693580,0.003112160,0.001757065,0.001765262,0.001757119,0.001765206,0.000383410,0.168469797,0.178775719,0.177567002
5.900000,-0.249348931,3.493758225,54.304374672,-0.042716992,-0.037097937,0.035227464,0.000206253,0.015751785,0.000352753,-0.002698321,-0.003047176,0.037572424,0.034912733,-0.000406873,0.015788787,0.000348472,-0.002759830,0.003122433,0.001757720,0.001764601,0.001757771,0.001764557,0.000393981,0.168487159,0.178801447,0.177584730
6.000000,-0.249360693,3.493762612,54.302186731,-0.037697026,-0.036265075,0.034469097,0.000205963,0.015744984,0.000347783,-0.002749740,-0.003034148,0.036767156,0.034164574,-0.000377428,0.015789946,0.000346029,-0.002823911,0.003095684,0.001757629,0.001764708,0.001757667,0.001764658,0.000395045,0.168517214,0.178808197,0.177586548
6.100000,-0.249371511,3.493767285,54.300013975,-0.032702396,-0.035677813,0.033920022,0.000205607,0.015726727,0.000343251,-0.002782011,-0.003017099,0.036200025,0.033627053,-0.000349472,0.015781055,0.000343384,-0.002865298,0.003068919,0.001757676,0.001764653,0.001757723,0.001764610,0.000385758,0.168499487,0.178805123,0.177586154
6.200000,-0.249381542,3.493772220,54.297851568,-0.027747402,-0.035238628,0.033492484,0.000205259,0.015699573,0.000339543,-0.002803414,-0.003000296,0.035775405,0.033210623,-0.000322864,0.015765786,0.000341075,-0.002893038,0.003045225,0.001757925,0.001764406,0.001757968,0.001764358,0.000366928,0.168442413,0.178793198,0.177585920
6.300000,-0.249391499,3.493777280,54.295680794,-0.022754894,-0.034893657,0.033147939,0.000204841,0.015663205,0.000336177,-0.002817750,-0.002982359,0.035442719,0.032875751,-0.000297613,0.015742568,0.000338765,-0.002911800,0.003022520,0.001758029,0.001764301,0.001758074,0.001764265,0.000367776,0.168449936,0.178794621,0.177587290
6.400000,-0.249400497,3.493782655,54.293518306,-0.017720278,-0.034597969,0.032849252,0.000204347,0.015619973,0.000333053,-0.002824137,-0.002963713,0.035159431,0.032585110,-0.000273663,0.015711709,0.000336452,-0.002921207,0.003000694,0.001757920,0.001764410,0.001757956,0.001764371,0.000377928,0.168506233,0.178806245,0.177588877
6.500000,-0.249408573,3.493788318,54.291364823,-0.012696145,-0.034310108,0.032558810,0.000203799,0.015570146,0.000330174,-0.002821783,-0.002944844,0.034884827,0.032301797,-0.000250933,0.015673626,0.000334223,-0.002920685,0.002979954,0.001757828,0.001764503,0.001757868,0.001764467,0.000381656,0.168536572,0.178811067,0.177589162
6.600000,-0.249415785,3.493794297,54.289203512,-0.007716987,-0.034005900,0.032254370,0.000203215,0.015514019,0.000327521,-0.002814252,-0.002925853,0.034595713,0.032004529,-0.000229347,0.015628907,0.000332116,-0.002914035,0.002960155,0.001757936,0.001764388,0.001757975,0.001764347,0.000368612,0.168501859,0.178805961,0.177588718
6.700000,-0.249422267,3.493800564,54.287028308,-0.002791057,-0.033677480,0.031928427,0.000202596,0.015451448,0.000325027,-0.002805935,-0.002906489,0.034284702,0.031685823,-0.000208851,0.015578291,0.000330105,-0.002905859,0.002940861,0.001758304,0.001764020,0.001758346,0.001763980,0.000337726,0.168407864,0.178782617,0.177588856
6.800000,-0.249427490,3.493807123,54.284867218,-0.000994534,-0.032732413,0.031063417,0.000201799,0.015172764,0.000317093,-0.002962558,-0.002835182,0.033355137,0.030835899,-0.000189526,0.015359015,0.000322661,-0.003059968,0.002870944,0.001758452,0.001763881,0.001758483,0.001763851,0.000338887,0.168508737,0.178852921,0.177603213
6.900000,-0.249433149,3.493813233,54.282760010,-0.000812924,-0.032709177,0.031045860,0.037089119,0.015126543,0.000286073,-0.002909518,-0.002804984,0.033347821,0.030823269,-0.000171377,0.015327780,0.000321026,-0.003025883,0.002858111,0.001758150,0.001764276,0.001757987,0.001764339,0.000349358,0.168497695,0.178817351,0.177589764
7.000000,-0.249439212,3.493819451,54.280614526,-0.000808110,-0.032716936,0.031047401,0.240834064,0.015206621,0.000269436,-0.002758620,-0.002855547,0.033373011,0.030835301,-0.000154030,0.015311006,0.000321220,-0.002983400,0.002859969,0.001789408,0.001794265,0.001757951,0.001764376,0.000351599,0.168485569,0.178809695,0.177588855
7.100000,-0.249445492,3.493826340,54.278333328,-0.000807972,-0.032740343,0.031045599,0.522320632,0.016486460,0.000306486,-0.002439707,-0.003025180,0.033398943,0.030847158,-0.000137486,0.015296699,0.000321729,-0.002951101,0.002863524,0.001819853,0.001822270,0.001757957,0.001764377,0.000351262,0.168484049,0.178808859,0.177588706
7.200000,-0.249451897,3.493833812,54.275925241,-0.000809556,-0.032822196,0.031047683,0.826274853,0.018177258,0.000362583,-0.001926488,-0.003245995,0.033424971,0.030857950,-0.000121750,0.015283936,0.000322220,-0.002926415,0.002867254,0.001831654,0.001831277,0.001757966,0.001764360,0.000350262,0.168483026,0.178808205,0.177588570
7.300000,-0.249458373,3.493841582,54.273450584,-0.000812186,-0.032927346,0.031059249,1.136408346,0.018750334,0.000413399,-0.001252218,-0.003411607,0.033451575,0.030867493,-0.000106776,0.015272682,0.000322720,-0.002907282,0.002871053,0.001836091,0.001832975,0.001757979,0.001764347,0.000349410,0.168482363,0.178807687,0.177588447
7.400000,-0.249465014,3.493849910,54.270875030,-0.000815074,-0.032961254,0.031161609,1.405609928,0.018705829,0.000474149,-0.000496532,-0.003449200,0.033480145,0.030875938,-0.000092458,0.015263450,0.000323550,-0.002892814,0.002875774,0.001810227,0.001804988,0.001757989,0.001764330,0.000349012,0.168482482,0.178807455,0.177588366
7.500000,-0.249471696,3.493858309,54.268277265,-0.000817178,-0.032973728,0.031290836,1.508397398,0.017787741,0.000511284,0.000205087,-0.003375749,0.033510648,0.030883226,-0.000078809,0.015256307,0.000324446,-0.002881409,0.002881112,0.001764130,0.001757847,0.001757996,0.001764314,0.000348346,0.168482988,0.178807806,0.177588431
7.600000,-0.249478409,3.493866544,54.265705580,-0.000817709,-0.032988817,0.031297050,1.537641373,0.016515966,0.000505827,0.000793800,-0.003244940,0.033542030,0.030891668,-0.000065870,0.015249910,0.000324950,-0.002873861,0.002885291,0.001764485,0.001757841,0.001758012,0.001764322,0.000348115,0.168484031,0.178808608,0.177588597
7.700000,-0.249485272,3.493875391,54.263015758,-0.000816452,-0.033001698,0.031308486,1.509325573,0.015994603,0.000522045,0.001236174,-0.003146798,0.033575998,0.030899536,-0.000053515,0.015245291,0.000325660,-0.002868287,0.002890180,0.001764394,0.001757967,0.001758003,0.001764324,0.000347807,0.168485642,0.178809500,0.177588771
7.800000,-0.249492193,3.493884550,54.260254252,-0.000813896,-0.033020697,0.031328978,1.308424609,0.016001619,0.000550278,0.001501638,-0.003153740,0.033612516,0.030906432,-0.000041744,0.015242217,0.000326379,-0.002863659,0.002895316,0.001793517,0.001788409,0.001757996,0.001764342,0.000347139,0.168486668,0.178810261,0.177588949
7.900000,-0.249499132,3.493893612,54.257501551,-0.000811057,-0.033047316,0.031333945,1.027788314,0.016764464,0.000557273,0.001527444,-0.003258384,0.033649362,0.030914183,-0.000030599,0.015239738,0.000326741,-0.002860537,0.002899404,0.001821979,0.001819336,0.001757971,0.001764354,0.000346899,0.168487029,0.178810496,0.177589011
8.000000,-0.249506109,3.493902872,54.254695893,-0.000808820,-0.033079209,0.031338649,0.724109238,0.018244450,0.000560682,0.001283155,-0.003423056,0.033688176,0.030921279,-0.000020012,0.015238378,0.000327060,-0.002857672,0.002903485,0.001831187,0.001831406,0.001757963,0.001764368,0.000346146,0.168486767,0.178810262,0.177588975
8.100000,-0.249513144,3.493912455,54.251817509,-0.000807798,-0.033138852,0.031339860,0.414056867,0.018865013,0.000553561,0.000812639,-0.003554647,0.033728540,0.030927775,-0.000009952,0.015237835,0.000327331,-0.002855100,0.002907331,0.001832974,0.001835967,0.001757957,0.001764370,0.000345511,0.168486032,0.178809701,0.177588865
8.200000,-0.249520108,3.493921524,54.249039363,-0.000808230,-0.033163331,0.031325910,0.144840743,0.018708489,0.000492386,0.000201935,-0.003536565,0.033768985,0.030935043,-0.000000418,0.015237704,0.000327408,-0.002853337,0.002910246,0.001805072,0.001810163,0.001757971,0.001764368,0.000345436,0.168485139,0.178808924,0.177588693
8.300000,-0.249529439,3.493937099,54.244670221,-0.000809885,-0.033230660,0.031313515,0.042007373,0.017616119,0.000422368,-0.000432457,-0.003409476,0.036715466,0.030939000,0.000006782,0.013753595,0.000309293,-0.002850341,0.002393935,0.001757984,0.001764000,0.001758006,0.001764325,0.000341334,0.168486300,0.178807643,0.177588080
8.400000,-0.249555402,3.493998001,54.228776064,-0.000821469,-0.034962315,0.031203203,0.012699543,0.017294024,0.000395206,-0.000972188,-0.003326984,0.155983970,0.030745879,-0.000020801,-0.001275282,0.000036151,-0.002855779,-0.002846650,0.001758064,0.001764267,0.001758212,0.001764111,0.000314707,0.168511497,0.178805035,0.177585824
8.500000,-0.249572775,3.494038063,54.218426110,-0.000836673,-0.035485899,0.031179230,0.004564993,0.017126300,0.000381376,-0.001399761,-0.003269307,0.417936551,0.030090546,-0.000038357,0.000271287,-0.000050693,-0.002947415,-0.002764666,0.001758003,0.001764324,0.001758418,0.001763908,0.000330336,0.168493558,0.178807592,0.177587971
8.600000,-0.249580281,3.494055654,54.214036954,-0.000838846,-0.034152457,0.031179728,0.002312748,0.016275762,0.000361598,-0.001729409,-0.003154725,0.723774276,0.030021332,-0.000040831,0.003968646,-0.000006633,-0.003133337,-0.000920185,0.001757999,0.001764327,0.001758108,0.001764219,0.000337764,0.168476690,0.178811160,0.177589892
8.700000,-0.249585013,3.494069914,54.210725256,-0.000833119,-0.032114027,0.031173389,0.001670236,0.015128946,0.000338718,-0.001973326,-0.003009078,1.031372156,0.030365504,-0.000039047,0.005765454,0.000028394,-0.003364602,-0.000015511,0.001758042,0.001764283,0.001757818,0.001764508,0.000335860,0.168469678,0.178814887,0.177591233
8.800000,-0.249588874,3.494085598,54.207189593,-0.000823989,-0.030501629,0.031147725,0.001472034,0.014251664,0.000316576,-0.002148174,-0.002863641,1.334428826,0.031478657,-0.000040282,0.003252960,0.000013553,-0.003609807,-0.000133811,0.001758067,0.001764249,0.001757434,0.001764900,0.000329676,0.168466510,0.178817415,0.177592099
8.900000,-0.249592219,3.494103083,54.203298664,-0.000816280,-0.029407447,0.031049515,0.001397624,0.013721707,0.000297694,-0.002268917,-0.002735911,1.634481340,0.033159938,-0.000048774,-0.000416307,-0.000050260,-0.003869370,-0.000919987,0.001758078,0.001764253,0.001756987,0.001765351,0.000322522,0.168461713,0.178817780,0.177592467
9.000000,-0.249600378,3.494135392,54.195533701,-0.000792145,-0.028942691,0.030600854,0.001335824,0.013450993,0.000283506,-0.002348389,-0.002644198,1.903210730,0.034299175,-0.000047703,0.007168733,-0.000007668,-0.004084598,0.000940608,0.001758079,0.001764246,0.001757318,0.001765011,0.000296489,0.168457353,0.178812347,0.177590853
9.100000,-0.249616948,3.494181246,54.183621822,-0.000789097,-0.029750582,0.029927451,0.001276775,0.013460413,0.000279511,-0.002402093,-0.002636206,2.013535180,0.033759726,-0.000024069,0.017395710,0.000129449,-0.004062799,0.002772623,0.002666994,0.002672832,0.001756526,0.001765799,0.000281213,0.168479062,0.178814025,0.177590206
9.200000,-0.249626338,3.494169747,54.185874144,-0.000803733,-0.031263849,0.027949002,0.001224543,0.013550621,0.000298405,-0.002384847,-0.002694717,2.028769087,0.035920096,-0.000019085,0.005743445,0.000055560,-0.004194400,0.001628465,0.018388192,0.018393185,0.001756093,0.001766235,0.000289291,0.168468555,0.178814221,0.177590963
9.300000,-0.249634883,3.494155185,54.189275084,-0.000813458,-0.031449792,0.024988537,0.001174888,0.013588991,0.000312421,-0.002289444,-0.002719843,2.021720315,0.035840556,-0.000036591,-0.000541601,-0.000107621,-0.004246685,-0.000683685,0.036998307,0.037002615,0.001756711,0.001765599,0.000260744,0.168466947,0.178815279,0.177591384
9.400000,-0.249643433,3.494140901,54.192380584,-0.000813299,-0.031465918,0.021943060,0.001127321,0.013612735,0.000321914,-0.002149878,-0.002723599,2.019728297,0.033133756,-0.000053966,-0.000300959,-0.000224440,-0.004164768,-0.001535797,0.043617316,0.043621036,0.001757269,0.001764783,0.000227034,0.168468356,0.178815355,0.177591333
9.500000,-0.249651890,3.494127351,54.194969044,-0.000812306,-0.031480536,0.019063678,0.001081977,0.013636260,0.000329954,-0.001986018,-0.002727488,2.019722374,0.028924171,-0.000068488,-0.000284864,-0.000298166,-0.003965638,-0.002034078,0.030814114,0.030817307,0.001758030,0.001764292,0.000195005,0.168468806,0.178815461,0.177591342
9.600000,-0.249660133,3.494114436,54.197132138,-0.000811927,-0.031491353,0.016468799,0.001038715,0.013657309,0.000336315,-0.001812069,-0.002728688,2.019830159,0.024785249,-0.000081390,-0.000280715,-0.000349096,-0.003703251,-0.002400831,0.012265986,0.012268713,0.001758538,0.001763799,0.000166878,0.168468880,0.178815402,0.177591334
9.700000,-0.249666815,3.494103043,54.198928558,-0.000806907,-0.031498379,0.014147600,0.000997493,0.013675349,0.000341551,-0.001635194,-0.002727054,2.019998378,0.021136141,-0.000092967,-0.000278828,-0.000384394,-0.003416101,-0.002673711,0.001750804,0.001753127,0.001759005,0.001763318,0.000141396,0.168464387,0.178812203,0.177590637
9.800000,-0.249668961,3.494095982,54.200267190,-0.000811795,-0.031504128,0.012087169,0.000958089,0.013691191,0.000345624,-0.001461504,-0.002722485,2.020011796,0.017959339,-0.000103415,-0.000280951,-0.000409816,-0.003118905,-0.002884019,0.001757128,0.001759117,0.001759303,0.001763026,0.000122154,0.168470634,0.178815434,0.177591326
